,AAPL,ABBV,AMZN,BAC,GOOGL,JNJ,JPM,LLY,MA,MRK,MSFT,NVDA,UNH,V,WFC
accuracy,0.5436308926780341,0.5476429287863591,0.5145436308926781,0.5195586760280843,0.526579739217653,0.477432296890672,0.5155466399197592,0.5105315947843531,0.5356068204613842,0.5295887662988967,0.5346038114343029,0.5386158475426279,0.5205616850551655,0.5285857572718154,0.522567703109328
precision,0.5436308926780341,0.5476429287863591,0.5145436308926781,0.5195586760280843,0.526579739217653,0.0,0.5155466399197592,0.5105315947843531,0.5356068204613842,0.5295887662988967,0.5346038114343029,0.5386158475426279,0.5205616850551655,0.5285857572718154,0.522567703109328
recall,1.0,1.0,1.0,1.0,1.0,0.0,1.0,1.0,1.0,1.0,1.0,1.0,1.0,1.0,1.0
f1,0.7043534762833008,0.7077122488658457,0.6794701986754967,0.6838283828382838,0.6898817345597897,0.0,0.6803441429516877,0.6759628154050464,0.697583278902678,0.6924590163934427,0.6967320261437908,0.7001303780964798,0.6846965699208444,0.6916010498687664,0.686429512516469
