,AAPL,ABBV,AMZN,BAC,GOOGL,JNJ,JPM,LLY,MA,MRK,MSFT,NVDA,UNH,V,WFC
accuracy,0.7432296890672017,0.8074222668004012,0.8174523570712137,0.7683049147442327,0.8064192577733199,0.8254764292878636,0.7662988966900702,0.8004012036108324,0.7883650952858575,0.8074222668004012,0.6960882647943831,0.6700100300902708,0.7853560682046138,0.802407221664995,0.7482447342026078
precision,0.7025495750708215,0.7911184210526315,0.851380042462845,0.7623400365630713,0.8333333333333334,0.8092691622103387,0.7486725663716814,0.7627118644067796,0.7723440134907251,0.8485477178423236,0.8010471204188482,0.7488038277511961,0.7300150829562594,0.8540772532188842,0.7242524916943521
recall,0.915129151291513,0.8809523809523809,0.7816764132553606,0.805019305019305,0.7904761904761904,0.8714011516314779,0.8229571984435797,0.8840864440078585,0.8576779026217228,0.7746212121212122,0.574108818011257,0.5828677839851024,0.9325626204238922,0.7552182163187856,0.836852207293666
f1,0.7948717948717948,0.8336221837088388,0.8150406504065041,0.7830985915492957,0.8113391984359726,0.8391866913123844,0.7840593141797961,0.818926296633303,0.8127772848269743,0.80990099009901,0.6688524590163935,0.6554973821989529,0.8189509306260575,0.8016112789526687,0.7764915405164737
