,AAPL,ABBV,AMZN,BAC,GOOGL,JNJ,JPM,LLY,MA,MRK,MSFT,NVDA,UNH,V,WFC
accuracy,0.724172517552658,0.7261785356068204,0.7612838515546639,0.724172517552658,0.7412236710130391,0.7151454363089268,0.7342026078234705,0.7372116349047142,0.7321965897693079,0.757271815446339,0.6479438314944834,0.641925777331996,0.7642928786359077,0.757271815446339,0.728184553660983
precision,0.6948905109489051,0.696969696969697,0.7522935779816514,0.7262569832402235,0.7338003502626971,0.6814701378254211,0.726775956284153,0.694488188976378,0.7199341021416804,0.786,0.7724550898203593,0.7571428571428571,0.7921810699588477,0.7576853526220615,0.7055921052631579
recall,0.8782287822878229,0.8846153846153846,0.7992202729044834,0.752895752895753,0.7980952380952381,0.8541266794625719,0.7762645914396887,0.8664047151277013,0.8183520599250936,0.7443181818181818,0.48405253283302063,0.4934823091247672,0.7418111753371869,0.7950664136622391,0.8234165067178503
f1,0.7758761206193969,0.7796610169491526,0.775047258979206,0.7393364928909952,0.7645985401459854,0.75809199318569,0.7507055503292568,0.7709790209790209,0.7659947414548641,0.7645914396887159,0.5951557093425606,0.5975197294250282,0.7661691542288557,0.7759259259259259,0.7599645704162976
